3499-20060501.txt,3499-20060227.txt
3906-20060508.txt,3906-20060313.txt
4962-20060508.txt,4962-20060306.txt
5513-20060508.txt,5513-20060303.txt
7789-20060508.txt,7789-20060302.txt
3133-20060509.txt,3133-20060310.txt
8177-20060515.txt,8177-20060331.txt
3499-20060731.txt,3499-20060501.txt
3133-20060807.txt,3133-20060509.txt
4962-20060807.txt,4962-20060508.txt
5513-20060807.txt,5513-20060508.txt
7789-20060808.txt,7789-20060508.txt
3906-20060809.txt,3906-20060508.txt
8177-20060811.txt,8177-20060515.txt
3499-20061030.txt,3499-20060731.txt
5513-20061107.txt,5513-20060807.txt
7789-20061107.txt,7789-20060808.txt
3906-20061108.txt,3906-20060809.txt
4962-20061109.txt,4962-20060807.txt
8177-20061114.txt,8177-20060811.txt
3499-20070226.txt,3499-20061030.txt
4977-20070228.txt,4977-20061108.txt
7789-20070228.txt,7789-20061107.txt
3906-20070301.txt,3906-20061108.txt
4962-20070301.txt,4962-20061109.txt
8177-20070330.txt,8177-20061114.txt
3499-20070430.txt,3499-20070226.txt
3906-20070508.txt,3906-20070301.txt
7789-20070508.txt,7789-20070228.txt
4962-20070509.txt,4962-20070301.txt
4977-20070509.txt,4977-20070228.txt
8177-20070514.txt,8177-20070330.txt
3499-20070730.txt,3499-20070430.txt
7789-20070806.txt,7789-20070508.txt
4962-20070807.txt,4962-20070509.txt
4977-20070808.txt,4977-20070509.txt
3906-20070809.txt,3906-20070508.txt
8177-20070814.txt,8177-20070514.txt
8497-20070814.txt,8497-20070515.txt
3499-20071029.txt,3499-20070730.txt
7789-20071106.txt,7789-20070806.txt
3906-20071108.txt,3906-20070809.txt
4977-20071108.txt,4977-20070808.txt
4962-20071109.txt,4962-20070807.txt
8177-20071113.txt,8177-20070814.txt
8497-20071114.txt,8497-20070814.txt
3499-20080225.txt,3499-20071029.txt
7789-20080227.txt,7789-20071106.txt
4962-20080228.txt,4962-20071109.txt
8497-20080328.txt,8497-20071114.txt
8177-20080331.txt,8177-20071113.txt
4962-20080502.txt,4962-20080228.txt
3499-20080505.txt,3499-20080225.txt
7789-20080507.txt,7789-20080227.txt
8497-20080514.txt,8497-20080328.txt
8177-20080515.txt,8177-20080331.txt
4962-20080731.txt,4962-20080502.txt
3499-20080804.txt,3499-20080505.txt
7789-20080806.txt,7789-20080507.txt
8177-20080814.txt,8177-20080515.txt
8497-20080814.txt,8497-20080514.txt
4962-20081031.txt,4962-20080731.txt
3499-20081103.txt,3499-20080804.txt
7789-20081105.txt,7789-20080806.txt
8177-20081114.txt,8177-20080814.txt
8497-20081114.txt,8497-20080814.txt
4977-20090220.txt,4977-20081107.txt
3499-20090223.txt,3499-20081103.txt
5513-20090224.txt,5513-20081031.txt
7789-20090226.txt,7789-20081105.txt
4962-20090227.txt,4962-20081031.txt
3906-20090302.txt,3906-20081110.txt
8497-20090327.txt,8497-20081114.txt
8177-20090331.txt,8177-20081114.txt
5513-20090430.txt,5513-20090224.txt
4962-20090501.txt,4962-20090227.txt
3499-20090504.txt,3499-20090223.txt
7789-20090506.txt,7789-20090226.txt
4977-20090508.txt,4977-20090220.txt
3906-20090511.txt,3906-20090302.txt
8177-20090514.txt,8177-20090331.txt
8497-20090515.txt,8497-20090327.txt
3499-20090803.txt,3499-20090504.txt
4962-20090803.txt,4962-20090501.txt
5513-20090805.txt,5513-20090430.txt
7789-20090806.txt,7789-20090506.txt
4977-20090807.txt,4977-20090508.txt
3906-20090810.txt,3906-20090511.txt
8177-20090813.txt,8177-20090514.txt
8497-20090814.txt,8497-20090515.txt
4962-20091030.txt,4962-20090803.txt
3499-20091102.txt,3499-20090803.txt
5513-20091104.txt,5513-20090805.txt
3906-20091106.txt,3906-20090810.txt
4977-20091106.txt,4977-20090807.txt
7789-20091109.txt,7789-20090806.txt
8177-20091113.txt,8177-20090813.txt
8497-20091113.txt,8497-20090814.txt
7789-20100216.txt,7789-20091109.txt
4962-20100226.txt,4962-20091030.txt
8177-20100326.txt,8177-20091113.txt
8497-20100326.txt,8497-20091113.txt
4962-20100505.txt,4962-20100226.txt
7789-20100507.txt,7789-20100216.txt
8177-20100507.txt,8177-20100326.txt
8497-20100514.txt,8497-20100326.txt
4962-20100805.txt,4962-20100505.txt
7789-20100806.txt,7789-20100507.txt
8177-20100806.txt,8177-20100507.txt
8497-20100806.txt,8497-20100514.txt
4962-20101103.txt,4962-20100805.txt
7789-20101104.txt,7789-20100806.txt
8177-20101108.txt,8177-20100806.txt
8497-20101112.txt,8497-20100806.txt
7789-20110215.txt,7789-20101104.txt
3499-20110222.txt,3499-20101101.txt
8177-20110325.txt,8177-20101108.txt
8497-20110329.txt,8497-20101112.txt
3499-20110502.txt,3499-20110222.txt
7789-20110506.txt,7789-20110215.txt
8177-20110511.txt,8177-20110325.txt
8497-20110513.txt,8497-20110329.txt
3499-20110801.txt,3499-20110502.txt
7789-20110808.txt,7789-20110506.txt
8177-20110812.txt,8177-20110511.txt
8497-20110812.txt,8497-20110513.txt
3499-20111103.txt,3499-20110801.txt
7789-20111104.txt,7789-20110808.txt
8177-20111114.txt,8177-20110812.txt
8497-20111114.txt,8497-20110812.txt
5272-20120223.txt,5272-20111103.txt
4977-20120227.txt,4977-20111104.txt
7789-20120228.txt,7789-20111104.txt
8177-20120326.txt,8177-20111114.txt
8497-20120416.txt,8497-20111114.txt
5272-20120503.txt,5272-20120223.txt
4977-20120507.txt,4977-20120227.txt
7789-20120507.txt,7789-20120228.txt
8177-20120511.txt,8177-20120326.txt
8497-20120515.txt,8497-20120416.txt
5272-20120802.txt,5272-20120503.txt
4977-20120803.txt,4977-20120507.txt
7789-20120803.txt,7789-20120507.txt
8177-20120810.txt,8177-20120511.txt
8497-20120814.txt,8497-20120515.txt
5272-20121101.txt,5272-20120802.txt
4977-20121102.txt,4977-20120803.txt
7789-20121105.txt,7789-20120803.txt
8177-20121109.txt,8177-20120810.txt
8497-20121114.txt,8497-20120814.txt
7789-20130215.txt,7789-20121105.txt
8177-20130327.txt,8177-20121109.txt
7789-20130503.txt,7789-20130215.txt
8177-20130514.txt,8177-20130327.txt
7789-20130802.txt,7789-20130503.txt
8177-20130813.txt,8177-20130514.txt
7789-20131101.txt,7789-20130802.txt
8177-20131113.txt,8177-20130813.txt
7789-20140205.txt,7789-20131101.txt
4962-20140225.txt,4962-20131029.txt
5513-20140226.txt,5513-20131105.txt
8177-20140326.txt,8177-20131113.txt
4962-20140429.txt,4962-20140225.txt
7789-20140502.txt,7789-20140205.txt
5513-20140508.txt,5513-20140226.txt
8177-20140513.txt,8177-20140326.txt
4962-20140730.txt,4962-20140429.txt
5513-20140731.txt,5513-20140508.txt
7789-20140804.txt,7789-20140502.txt
8177-20140812.txt,8177-20140513.txt
4962-20141028.txt,4962-20140730.txt
5513-20141030.txt,5513-20140731.txt
7789-20141031.txt,7789-20140804.txt
8177-20141112.txt,8177-20140812.txt
7789-20150205.txt,7789-20141031.txt
3499-20150217.txt,3499-20141103.txt
5272-20150220.txt,5272-20141103.txt
5513-20150225.txt,5513-20141030.txt
8177-20150327.txt,8177-20141112.txt
5513-20150430.txt,5513-20150225.txt
7789-20150501.txt,7789-20150205.txt
3499-20150504.txt,3499-20150217.txt
5272-20150504.txt,5272-20150220.txt
8177-20150513.txt,8177-20150327.txt
5513-20150730.txt,5513-20150430.txt
7789-20150730.txt,7789-20150501.txt
3499-20150803.txt,3499-20150504.txt
5272-20150803.txt,5272-20150504.txt
8177-20150812.txt,8177-20150513.txt
5513-20151029.txt,5513-20150730.txt
7789-20151030.txt,7789-20150730.txt
3499-20151102.txt,3499-20150803.txt
5272-20151102.txt,5272-20150803.txt
8177-20151110.txt,8177-20150812.txt
7789-20160205.txt,7789-20151030.txt
3499-20160216.txt,3499-20151102.txt
5272-20160219.txt,5272-20151102.txt
5513-20160224.txt,5513-20151029.txt
4977-20160225.txt,4977-20151103.txt
8177-20160329.txt,8177-20151110.txt
